Date,Passengers
1/1/21,"849,514"
1/2/21,"1,246,953"
1/3/21,"1,381,448"
1/4/21,"1,130,546"
1/5/21,"807,837"
1/6/21,"705,249"
1/7/21,"814,928"
1/8/21,"816,271"
1/9/21,"750,419"
1/10/21,"929,661"
1/11/21,"750,407"
1/12/21,"557,517"
1/13/21,"605,887"
1/14/21,"848,662"
1/15/21,"945,703"
1/16/21,"729,703"
1/17/21,"852,305"
1/18/21,"921,897"
1/19/21,"597,159"
1/20/21,"581,771"
1/21/21,"772,086"
1/22/21,"799,000"
1/23/21,"644,793"
1/24/21,"882,180"
1/25/21,"744,876"
1/26/21,"508,467"
1/27/21,"574,099"
1/28/21,"794,944"
1/29/21,"818,691"
1/30/21,"656,800"
1/31/21,"903,496"
2/1/21,"671,916"
2/2/21,"532,690"
2/3/21,"619,345"
2/4/21,"822,488"
2/5/21,"876,937"
2/6/21,"707,510"
2/7/21,"854,869"
2/8/21,"867,476"
2/9/21,"617,701"
2/10/21,"735,556"
2/11/21,"1,036,723"
2/12/21,"1,155,618"
2/13/21,"902,559"
2/14/21,"950,106"
2/15/21,"972,683"
2/16/21,"742,396"
2/17/21,"774,699"
2/18/21,"915,532"
2/19/21,"1,062,561"
2/20/21,"943,723"
2/21/21,"1,119,216"
2/22/21,"964,168"
2/23/21,"717,867"
2/24/21,"804,473"
2/25/21,"1,054,777"
2/26/21,"1,097,941"
2/27/21,"919,593"
2/28/21,"1,192,326"
3/1/21,"1,049,769"
3/2/21,"744,939"
3/3/21,"826,947"
3/4/21,"1,107,943"
3/5/21,"1,169,237"
3/6/21,"994,275"
3/7/21,"1,278,653"
3/8/21,"1,119,372"
3/9/21,"826,091"
3/10/21,"974,236"
3/11/21,"1,287,040"
3/12/21,"1,410,170"
3/13/21,"1,228,317"
3/14/21,"1,347,204"
3/15/21,"1,268,273"
3/16/21,"1,092,791"
3/17/21,"1,146,638"
3/18/21,"1,413,414"
3/19/21,"1,478,042"
3/20/21,"1,375,030"
3/21/21,"1,556,471"
3/22/21,"1,364,921"
3/23/21,"1,090,056"
3/24/21,"1,177,731"
3/25/21,"1,449,187"
3/26/21,"1,536,966"
3/27/21,"1,413,260"
3/28/21,"1,580,233"
3/29/21,"1,415,144"
3/30/21,"1,139,738"
3/31/21,"1,282,646"
4/1/21,"1,567,562"
4/2/21,"1,588,784"
4/3/21,"1,404,433"
4/4/21,"1,548,893"
4/5/21,"1,569,756"
4/6/21,"1,200,572"
4/7/21,"1,234,454"
4/8/21,"1,515,715"
4/9/21,"1,555,811"
4/10/21,"1,382,954"
4/11/21,"1,567,936"
4/12/21,"1,473,015"
4/13/21,"1,093,419"
4/14/21,"1,154,820"
4/15/21,"1,496,171"
4/16/21,"1,526,424"
4/17/21,"1,282,409"
4/18/21,"1,574,791"
4/19/21,"1,419,700"
4/20/21,"1,087,776"
4/21/21,"1,167,282"
4/22/21,"1,512,553"
4/23/21,"1,529,078"
4/24/21,"1,267,678"
4/25/21,"1,573,593"
4/26/21,"1,427,079"
4/27/21,"1,083,183"
4/28/21,"1,187,046"
4/29/21,"1,528,980"
4/30/21,"1,565,558"
5/1/21,"1,340,793"
5/2/21,"1,630,261"
5/3/21,"1,470,213"
5/4/21,"1,140,584"
5/5/21,"1,272,679"
5/6/21,"1,647,819"
5/7/21,"1,705,282"
5/8/21,"1,439,280"
5/9/21,"1,711,460"
5/10/21,"1,663,855"
5/11/21,"1,320,930"
5/12/21,"1,434,435"
5/13/21,"1,749,910"
5/14/21,"1,790,431"
5/15/21,"1,520,878"
5/16/21,"1,859,924"
5/17/21,"1,742,325"
5/18/21,"1,414,076"
5/19/21,"1,500,713"
5/20/21,"1,796,354"
5/21/21,"1,833,181"
5/22/21,"1,558,549"
5/23/21,"1,874,277"
5/24/21,"1,752,297"
5/25/21,"1,478,917"
5/26/21,"1,627,422"
5/27/21,"1,867,067"
5/28/21,"1,969,075"
5/29/21,"1,614,785"
5/30/21,"1,662,359"
5/31/21,"1,910,828"
6/1/21,"1,694,578"
6/2/21,"1,598,873"
6/3/21,"1,823,395"
6/4/21,"1,896,190"
6/5/21,"1,686,932"
6/6/21,"1,993,494"
6/7/21,"1,837,383"
6/8/21,"1,574,822"
6/9/21,"1,684,912"
6/10/21,"1,985,698"
6/11/21,"2,044,087"
6/12/21,"1,818,203"
6/13/21,"2,104,681"
6/14/21,"1,978,110"
6/15/21,"1,701,213"
6/16/21,"1,805,340"
6/17/21,"2,047,190"
6/18/21,"2,099,797"
6/19/21,"1,886,401"
6/20/21,"2,107,997"
6/21/21,"2,036,775"
6/22/21,"1,800,947"
6/23/21,"1,866,027"
6/24/21,"2,095,773"
6/25/21,"2,147,042"
6/26/21,"1,925,933"
6/27/21,"2,181,055"
6/28/21,"2,073,847"
6/29/21,"1,820,725"
6/30/21,"1,937,606"
7/1/21,"2,152,087"
7/2/21,"2,205,102"
7/3/21,"1,918,985"
7/4/21,"1,697,422"
7/5/21,"2,167,826"
7/6/21,"1,896,755"
7/7/21,"1,891,781"
7/8/21,"2,102,632"
7/9/21,"2,158,137"
7/10/21,"1,993,017"
7/11/21,"2,211,451"
7/12/21,"2,100,231"
7/13/21,"1,840,503"
7/14/21,"1,919,907"
7/15/21,"2,162,549"
7/16/21,"2,216,363"
7/17/21,"1,992,789"
7/18/21,"2,248,801"
7/19/21,"2,147,951"
7/20/21,"1,882,824"
7/21/21,"1,947,336"
7/22/21,"2,177,183"
7/23/21,"2,232,628"
7/24/21,"2,009,417"
7/25/21,"2,247,129"
7/26/21,"2,135,322"
7/27/21,"1,872,237"
7/28/21,"1,942,685"
7/29/21,"2,138,113"
7/30/21,"2,209,522"
7/31/21,"2,017,941"
8/1/21,"2,248,894"
8/2/21,"2,104,204"
8/3/21,"1,811,428"
8/4/21,"1,867,373"
8/5/21,"2,079,440"
8/6/21,"2,116,970"
8/7/21,"1,927,576"
8/8/21,"2,183,576"
8/9/21,"2,032,871"
8/10/21,"1,737,189"
8/11/21,"1,778,638"
8/12/21,"2,053,398"
8/13/21,"2,071,913"
8/14/21,"1,818,071"
8/15/21,"2,123,872"
8/16/21,"1,984,827"
8/17/21,"1,612,933"
8/18/21,"1,698,840"
8/19/21,"1,951,656"
8/20/21,"1,992,705"
8/21/21,"1,687,357"
8/22/21,"1,966,708"
8/23/21,"1,830,076"
8/24/21,"1,474,442"
8/25/21,"1,548,018"
8/26/21,"1,829,300"
8/27/21,"1,859,603"
8/28/21,"1,515,791"
8/29/21,"1,904,152"
8/30/21,"1,641,333"
8/31/21,"1,351,765"
9/1/21,"1,473,895"
9/2/21,"1,913,865"
9/3/21,"2,137,114"
9/4/21,"1,561,225"
9/5/21,"1,633,547"
9/6/21,"2,034,282"
9/7/21,"1,666,629"
9/8/21,"1,450,281"
9/9/21,"1,690,239"
9/10/21,"1,797,588"
9/11/21,"1,369,377"
9/12/21,"1,970,138"
9/13/21,"1,673,501"
9/14/21,"1,276,190"
9/15/21,"1,457,026"
9/16/21,"1,858,720"
9/17/21,"1,948,844"
9/18/21,"1,483,305"
9/19/21,"2,083,726"
9/20/21,"1,824,666"
9/21/21,"1,340,357"
9/22/21,"1,466,926"
9/23/21,"1,910,871"
9/24/21,"2,026,013"
9/25/21,"1,529,298"
9/26/21,"2,105,417"
9/27/21,"1,851,991"
9/28/21,"1,336,835"
9/29/21,"1,453,368"
9/30/21,"1,937,665"
10/1/21,"2,019,716"
10/2/21,"1,538,107"
10/3/21,"2,103,061"
10/4/21,"1,846,687"
10/5/21,"1,394,280"
10/6/21,"1,576,263"
10/7/21,"2,068,329"
10/8/21,"2,178,818"
10/9/21,"1,734,033"
10/10/21,"2,087,077"
10/11/21,"2,090,755"
10/12/21,"1,702,427"
10/13/21,"1,659,052"
10/14/21,"2,053,322"
10/15/21,"2,116,988"
10/16/21,"1,706,852"
10/17/21,"2,220,642"
10/18/21,"2,003,439"
10/19/21,"1,525,074"
10/20/21,"1,652,011"
10/21/21,"2,052,193"
10/22/21,"2,119,017"
10/23/21,"1,684,418"
10/24/21,"2,180,380"
10/25/21,"1,994,218"
10/26/21,"1,509,452"
10/27/21,"1,553,733"
10/28/21,"1,930,016"
10/29/21,"1,989,947"
10/30/21,"1,518,998"
10/31/21,"1,850,278"
11/1/21,"2,001,864"
11/2/21,"1,492,468"
11/3/21,"1,533,093"
11/4/21,"1,947,471"
11/5/21,"2,042,336"
11/6/21,"1,584,913"
11/7/21,"2,155,649"
11/8/21,"1,959,106"
11/9/21,"1,459,203"
11/10/21,"1,702,552"
11/11/21,"2,070,980"
11/12/21,"2,008,291"
11/13/21,"1,618,028"
11/14/21,"2,215,702"
11/15/21,"2,022,347"
11/16/21,"1,494,701"
11/17/21,"1,634,212"
11/18/21,"2,044,622"
11/19/21,"2,248,096"
11/20/21,"2,008,922"
11/21/21,"2,216,940"
11/22/21,"2,087,536"
11/23/21,"2,217,635"
11/24/21,"2,331,880"
11/25/21,"1,383,501"
11/26/21,"1,783,938"
11/27/21,"2,219,149"
11/28/21,"2,458,325"
11/29/21,"2,240,556"
11/30/21,"1,818,492"
12/1/21,"1,669,185"
12/2/21,"1,874,481"
12/3/21,"1,956,238"
12/4/21,"1,571,068"
12/5/21,"2,071,647"
12/6/21,"1,853,893"
12/7/21,"1,465,585"
12/8/21,"1,621,499"
12/9/21,"1,969,493"
12/10/21,"2,053,444"
12/11/21,"1,671,592"
12/12/21,"2,107,361"
12/13/21,"1,919,994"
12/14/21,"1,590,394"
12/15/21,"1,769,605"
12/16/21,"2,137,354"
12/17/21,"2,235,581"
12/18/21,"2,040,879"
12/19/21,"2,184,906"
12/20/21,"2,099,852"
12/21/21,"1,996,071"
12/22/21,"2,106,209"
12/23/21,"2,197,896"
12/24/21,"1,713,351"
12/25/21,"1,535,935"
12/26/21,"2,074,458"
12/27/21,"2,093,615"
12/28/21,"2,000,891"
12/29/21,"2,029,343"
12/30/21,"2,069,413"
12/31/21,"1,658,357"
1/1/22,"1,616,850"
1/2/22,"2,026,176"
1/3/22,"1,921,966"
1/4/22,"1,673,499"
1/5/22,"1,501,170"
1/6/22,"1,543,985"
1/7/22,"1,518,098"
1/8/22,"1,450,135"
1/9/22,"1,706,857"
1/10/22,"1,453,110"
1/11/22,"1,129,725"
1/12/22,"1,234,827"
1/13/22,"1,543,648"
1/14/22,"1,741,376"
1/15/22,"1,421,612"
1/16/22,"1,438,492"
1/17/22,"1,704,328"
1/18/22,"1,301,256"
1/19/22,"1,201,589"
1/20/22,"1,470,973"
1/21/22,"1,514,895"
1/22/22,"1,246,901"
1/23/22,"1,649,090"
1/24/22,"1,399,342"
1/25/22,"1,063,856"
1/26/22,"1,200,998"
1/27/22,"1,560,893"
1/28/22,"1,634,225"
1/29/22,"1,070,815"
1/30/22,"1,716,055"
1/31/22,"1,539,356"
2/1/22,"1,203,689"
2/2/22,"1,196,728"
2/3/22,"1,342,502"
2/4/22,"1,583,678"
2/5/22,"1,399,603"
2/6/22,"1,786,681"
2/7/22,"1,592,651"
2/8/22,"1,239,137"
2/9/22,"1,390,835"
2/10/22,"1,786,323"
2/11/22,"1,918,436"
2/12/22,"1,538,874"
2/13/22,"1,821,279"
2/14/22,"1,737,532"
2/15/22,"1,541,222"
2/16/22,"1,670,550"
2/17/22,"1,986,581"
2/18/22,"2,244,042"
2/19/22,"1,826,833"
2/20/22,"2,068,827"
2/21/22,"2,222,002"
2/22/22,"1,785,417"
2/23/22,"1,755,527"
2/24/22,"1,988,432"
2/25/22,"2,104,233"
2/26/22,"1,842,536"
2/27/22,"2,150,118"
2/28/22,"1,984,773"
3/1/22,"1,638,699"
3/2/22,"1,740,923"
3/3/22,"2,053,525"
3/4/22,"2,139,036"
3/5/22,"1,831,741"
3/6/22,"2,184,096"
3/7/22,"2,019,553"
3/8/22,"1,657,723"
3/9/22,"1,850,986"
3/10/22,"2,185,904"
3/11/22,"2,299,583"
3/12/22,"1,998,129"
3/13/22,"2,293,374"
3/14/22,"2,203,639"
3/15/22,"1,870,647"
3/16/22,"2,000,210"
3/17/22,"2,231,375"
3/18/22,"2,319,876"
3/19/22,"2,108,715"
3/20/22,"2,379,182"
3/21/22,"2,177,240"
3/22/22,"1,859,077"
3/23/22,"1,971,979"
3/24/22,"2,255,090"
3/25/22,"2,304,825"
3/26/22,"2,022,231"
3/27/22,"2,313,481"
3/28/22,"2,141,002"
3/29/22,"1,747,597"
3/30/22,"1,887,509"
3/31/22,"2,219,675"
4/1/22,"2,287,653"
4/2/22,"1,922,516"
4/3/22,"2,206,569"
4/4/22,"2,141,153"
4/5/22,"1,850,647"
4/6/22,"1,982,006"
4/7/22,"2,227,151"
4/8/22,"2,327,849"
4/9/22,"1,959,523"
4/10/22,"2,300,909"
4/11/22,"2,188,196"
4/12/22,"1,883,285"
4/13/22,"2,053,892"
4/14/22,"2,354,474"
4/15/22,"2,315,430"
4/16/22,"1,903,886"
4/17/22,"2,214,376"
4/18/22,"2,292,729"
4/19/22,"1,988,681"
4/20/22,"2,034,403"
4/21/22,"2,288,508"
4/22/22,"2,309,474"
4/23/22,"1,915,707"
4/24/22,"2,298,561"
4/25/22,"2,189,296"
4/26/22,"1,870,392"
4/27/22,"1,999,806"
4/28/22,"2,267,171"
4/29/22,"2,286,852"
4/30/22,"1,885,701"
5/1/22,"2,279,287"
5/2/22,"2,146,993"
5/3/22,"1,827,782"
5/4/22,"1,962,832"
5/5/22,"2,240,816"
5/6/22,"2,292,080"
5/7/22,"1,884,883"
5/8/22,"2,255,547"
5/9/22,"2,244,645"
5/10/22,"1,908,906"
5/11/22,"2,030,630"
5/12/22,"2,337,876"
5/13/22,"2,358,444"
5/14/22,"1,984,654"
5/15/22,"2,399,801"
5/16/22,"2,282,944"
5/17/22,"2,042,144"
5/18/22,"2,117,010"
5/19/22,"2,366,865"
5/20/22,"2,356,404"
5/21/22,"1,999,651"
5/22/22,"2,364,240"
5/23/22,"2,339,945"
5/24/22,"2,034,843"
5/25/22,"2,165,771"
5/26/22,"2,399,579"
5/27/22,"2,397,928"
5/28/22,"2,000,335"
5/29/22,"2,103,022"
5/30/22,"2,319,237"
5/31/22,"2,114,935"
6/1/22,"2,023,231"
6/2/22,"2,228,271"
6/3/22,"2,347,283"
6/4/22,"1,992,251"
6/5/22,"2,396,442"
6/6/22,"2,286,429"
6/7/22,"2,067,274"
6/8/22,"2,175,579"
6/9/22,"2,396,538"
6/10/22,"2,443,671"
6/11/22,"2,153,865"
6/12/22,"2,456,971"
6/13/22,"2,389,152"
6/14/22,"2,139,865"
6/15/22,"2,238,873"
6/16/22,"2,387,496"
6/17/22,"2,454,485"
6/18/22,"2,186,387"
6/19/22,"2,398,687"
6/20/22,"2,431,925"
6/21/22,"2,158,912"
6/22/22,"2,197,876"
6/23/22,"2,453,936"
6/24/22,"2,471,808"
6/25/22,"2,198,435"
6/26/22,"2,469,720"
6/27/22,"2,374,892"
6/28/22,"2,147,125"
6/29/22,"2,237,932"
6/30/22,"2,455,588"
7/1/22,"2,501,366"
7/2/22,"2,169,068"
7/3/22,"2,102,878"
7/4/22,"2,086,854"
7/5/22,"2,209,031"
7/6/22,"2,136,035"
7/7/22,"2,245,980"
7/8/22,"2,288,984"
7/9/22,"2,145,996"
7/10/22,"2,443,836"
7/11/22,"2,318,551"
7/12/22,"2,072,335"
7/13/22,"2,188,234"
7/14/22,"2,402,480"
7/15/22,"2,449,536"
7/16/22,"2,196,011"
7/17/22,"2,453,236"
7/18/22,"2,363,728"
7/19/22,"2,142,454"
7/20/22,"2,226,450"
7/21/22,"2,440,027"
7/22/22,"2,464,194"
7/23/22,"2,190,483"
7/24/22,"2,494,885"
7/25/22,"2,386,005"
7/26/22,"2,146,087"
7/27/22,"2,238,047"
7/28/22,"2,414,062"
7/29/22,"2,464,079"
7/30/22,"2,211,091"
7/31/22,"2,486,969"
8/1/22,"2,373,400"
8/2/22,"2,053,497"
8/3/22,"2,117,390"
8/4/22,"2,360,671"
8/5/22,"2,406,372"
8/6/22,"2,178,405"
8/7/22,"2,438,788"
8/8/22,"2,340,305"
8/9/22,"2,049,473"
8/10/22,"2,112,967"
8/11/22,"2,340,082"
8/12/22,"2,361,142"
8/13/22,"2,058,033"
8/14/22,"2,360,307"
8/15/22,"2,276,507"
8/16/22,"2,016,730"
8/17/22,"2,051,652"
8/18/22,"2,335,005"
8/19/22,"2,358,565"
8/20/22,"2,014,843"
8/21/22,"2,348,153"
8/22/22,"2,260,555"
8/23/22,"1,960,482"
8/24/22,"1,997,252"
8/25/22,"2,263,665"
8/26/22,"2,284,831"
8/27/22,"1,888,903"
8/28/22,"2,319,869"
8/29/22,"2,100,205"
8/30/22,"1,768,473"
8/31/22,"2,009,736"
9/1/22,"2,324,033"
9/2/22,"2,479,578"
9/3/22,"1,903,950"
9/4/22,"1,979,923"
9/5/22,"2,409,938"
9/6/22,"2,088,456"
9/7/22,"1,835,889"
9/8/22,"2,120,200"
9/9/22,"2,224,222"
9/10/22,"1,828,963"
9/11/22,"2,340,559"
9/12/22,"2,230,866"
9/13/22,"1,816,435"
9/14/22,"1,976,151"
9/15/22,"2,357,970"
9/16/22,"2,375,510"
9/17/22,"1,888,228"
9/18/22,"2,349,493"
9/19/22,"2,227,301"
9/20/22,"1,898,568"
9/21/22,"1,960,592"
9/22/22,"2,335,489"
9/23/22,"2,405,872"
9/24/22,"1,914,884"
9/25/22,"2,362,292"
9/26/22,"2,229,901"
9/27/22,"1,842,212"
9/28/22,"1,724,121"
9/29/22,"2,000,766"
9/30/22,"2,143,343"
10/1/22,"1,868,495"
10/2/22,"2,279,898"
10/3/22,"2,099,505"
10/4/22,"1,802,567"
10/5/22,"1,996,446"
10/6/22,"2,376,101"
10/7/22,"2,473,989"
10/8/22,"2,018,002"
10/9/22,"2,425,613"
10/10/22,"2,330,624"
10/11/22,"2,046,661"
10/12/22,"2,119,772"
10/13/22,"2,413,700"
10/14/22,"2,412,403"
10/15/22,"2,036,937"
10/16/22,"2,475,395"
10/17/22,"2,294,755"
10/18/22,"2,003,403"
10/19/22,"2,110,090"
10/20/22,"2,429,402"
10/21/22,"2,375,559"
10/22/22,"2,005,659"
10/23/22,"2,416,107"
10/24/22,"2,322,585"
10/25/22,"1,981,651"
10/26/22,"2,057,463"
10/27/22,"2,310,460"
10/28/22,"2,312,356"
10/29/22,"1,830,454"
10/30/22,"2,241,429"
10/31/22,"1,925,032"
11/1/22,"1,978,549"
11/2/22,"1,897,396"
11/3/22,"2,253,501"
11/4/22,"2,272,855"
11/5/22,"1,924,975"
11/6/22,"2,396,744"
11/7/22,"2,168,053"
11/8/22,"1,896,916"
11/9/22,"1,945,183"
11/10/22,"2,203,214"
11/11/22,"2,309,163"
11/12/22,"1,945,373"
11/13/22,"2,411,406"
11/14/22,"2,229,804"
11/15/22,"1,892,613"
11/16/22,"2,034,880"
11/17/22,"2,326,100"
11/18/22,"2,458,089"
11/19/22,"2,214,717"
11/20/22,"2,385,400"
11/21/22,"2,201,022"
11/22/22,"2,370,351"
11/23/22,"2,465,337"
11/24/22,"1,426,195"
11/25/22,"1,984,980"
11/26/22,"2,336,633"
11/27/22,"2,639,616"
11/28/22,"2,389,672"
11/29/22,"1,954,785"
11/30/22,"1,893,497"
12/1/22,"2,113,719"
12/2/22,"2,132,571"
12/3/22,"1,788,666"
12/4/22,"2,261,227"
12/5/22,"2,134,176"
12/6/22,"1,752,091"
12/7/22,"1,883,346"
12/8/22,"2,220,053"
12/9/22,"2,295,917"
12/10/22,"1,886,068"
12/11/22,"2,293,624"
12/12/22,"2,167,861"
12/13/22,"1,810,814"
12/14/22,"1,993,063"
12/15/22,"2,298,485"
12/16/22,"2,453,178"
12/17/22,"2,233,861"
12/18/22,"2,357,086"
12/19/22,"2,264,761"
12/20/22,"2,216,373"
12/21/22,"2,428,528"
12/22/22,"2,366,608"
12/23/22,"2,096,506"
12/24/22,"1,834,551"
12/25/22,"1,800,463"
12/26/22,"2,218,145"
12/27/22,"2,178,719"
12/28/22,"2,153,682"
12/29/22,"2,178,433"
12/30/22,"2,383,422"
12/31/22,"1,935,413"
1/1/23,"2,046,950"
1/2/23,"2,368,194"
1/3/23,"2,212,528"
1/4/23,"1,985,965"
1/5/23,"2,031,976"
1/6/23,"2,043,547"
1/7/23,"1,917,290"
1/8/23,"2,226,917"
1/9/23,"2,009,868"
1/10/23,"1,678,250"
1/11/23,"1,723,117"
1/12/23,"2,189,475"
1/13/23,"2,316,713"
1/14/23,"1,803,651"
1/15/23,"2,038,119"
1/16/23,"2,244,873"
1/17/23,"1,803,155"
1/18/23,"1,674,129"
1/19/23,"1,997,346"
1/20/23,"2,089,417"
1/21/23,"1,662,736"
1/22/23,"2,141,703"
1/23/23,"1,970,280"
1/24/23,"1,567,069"
1/25/23,"1,677,909"
1/26/23,"2,097,825"
1/27/23,"2,122,066"
1/28/23,"1,653,401"
1/29/23,"2,144,644"
1/30/23,"1,932,983"
1/31/23,"1,534,786"
2/1/23,"1,608,110"
2/2/23,"2,042,277"
2/3/23,"2,102,998"
2/4/23,"1,669,806"
2/5/23,"2,202,873"
2/6/23,"2,040,256"
2/7/23,"1,626,257"
2/8/23,"1,796,332"
2/9/23,"2,158,573"
2/10/23,"2,254,803"
2/11/23,"1,809,116"
2/12/23,"2,113,837"
2/13/23,"2,073,820"
2/14/23,"1,674,639"
2/15/23,"2,017,144"
2/16/23,"2,339,970"
2/17/23,"2,509,923"
2/18/23,"2,065,901"
2/19/23,"2,319,072"
2/20/23,"2,479,184"
2/21/23,"2,116,450"
2/22/23,"2,006,058"
2/23/23,"2,322,309"
2/24/23,"2,425,335"
2/25/23,"2,057,210"
2/26/23,"2,402,716"
2/27/23,"2,235,417"
2/28/23,"1,890,744"
3/1/23,"2,066,150"
3/2/23,"2,316,735"
3/3/23,"2,375,579"
3/4/23,"2,040,488"
3/5/23,"2,422,425"
3/6/23,"2,265,014"
3/7/23,"1,908,536"
3/8/23,"2,130,141"
3/9/23,"2,417,279"
3/10/23,"2,562,561"
3/11/23,"2,279,320"
3/12/23,"2,539,093"
3/13/23,"2,393,346"
3/14/23,"2,026,905"
3/15/23,"2,284,299"
3/16/23,"2,483,683"
3/17/23,"2,517,226"
3/18/23,"2,278,805"
3/19/23,"2,608,462"
3/20/23,"2,414,648"
3/21/23,"2,038,001"
3/22/23,"2,203,488"
3/23/23,"2,451,051"
3/24/23,"2,508,221"
3/25/23,"2,208,541"
3/26/23,"2,522,600"
3/27/23,"2,383,816"
3/28/23,"2,039,138"
3/29/23,"2,210,676"
3/30/23,"2,487,147"
3/31/23,"2,536,088"
4/1/23,"2,253,892"
4/2/23,"2,545,494"
4/3/23,"2,404,966"
4/4/23,"2,080,546"
4/5/23,"2,209,680"
4/6/23,"2,532,778"
4/7/23,"2,475,896"
4/8/23,"2,093,075"
4/9/23,"2,387,558"
4/10/23,"2,523,060"
4/11/23,"2,132,314"
4/12/23,"2,168,441"
4/13/23,"2,443,213"
4/14/23,"2,532,863"
4/15/23,"2,150,251"
4/16/23,"2,589,787"
4/17/23,"2,455,406"
4/18/23,"2,070,303"
4/19/23,"2,227,164"
4/20/23,"2,534,751"
4/21/23,"2,585,925"
4/22/23,"2,057,354"
4/23/23,"2,570,184"
4/24/23,"2,425,693"
4/25/23,"2,015,155"
4/26/23,"2,183,316"
4/27/23,"2,522,454"
4/28/23,"2,507,149"
4/29/23,"2,021,030"
4/30/23,"2,517,228"
5/1/23,"2,432,660"
5/2/23,"1,998,688"
5/3/23,"2,167,265"
5/4/23,"2,509,080"
5/5/23,"2,508,503"
5/6/23,"2,043,895"
5/7/23,"2,590,391"
5/8/23,"2,476,280"
5/9/23,"2,089,430"
5/10/23,"2,261,499"
5/11/23,"2,598,784"
5/12/23,"2,605,959"
5/13/23,"2,114,178"
5/14/23,"2,509,333"
5/15/23,"2,597,124"
5/16/23,"2,173,966"
5/17/23,"2,312,740"
5/18/23,"2,641,296"
5/19/23,"2,656,058"
5/20/23,"2,213,613"
5/21/23,"2,673,457"
5/22/23,"2,592,466"
5/23/23,"2,272,281"
5/24/23,"2,435,811"
5/25/23,"2,672,648"
5/26/23,"2,744,596"
5/27/23,"2,206,475"
5/28/23,"2,257,797"
5/29/23,"2,596,978"
5/30/23,"2,349,003"
5/31/23,"2,259,502"
6/1/23,"2,477,726"
6/2/23,"2,534,892"
6/3/23,"2,221,890"
6/4/23,"2,657,217"
6/5/23,"2,560,508"
6/6/23,"2,233,160"
6/7/23,"2,355,913"
6/8/23,"2,641,522"
6/9/23,"2,675,115"
6/10/23,"2,322,170"
6/11/23,"2,732,330"
6/12/23,"2,636,399"
6/13/23,"2,343,000"
6/14/23,"2,465,528"
6/15/23,"2,745,743"
6/16/23,"2,785,332"
6/17/23,"2,436,004"
6/18/23,"2,640,349"
6/19/23,"2,742,546"
6/20/23,"2,449,389"
6/21/23,"2,502,239"
6/22/23,"2,737,829"
6/23/23,"2,771,672"
6/24/23,"2,456,148"
6/25/23,"2,769,270"
6/26/23,"2,687,481"
6/27/23,"2,391,503"
6/28/23,"2,539,399"
6/29/23,"2,759,141"
6/30/23,"2,884,783"
7/1/23,"2,588,334"
7/2/23,"2,529,730"
7/3/23,"2,288,645"
7/4/23,"2,007,441"
7/5/23,"2,492,923"
7/6/23,"2,540,237"
7/7/23,"2,555,001"
7/8/23,"2,431,155"
7/9/23,"2,644,639"
7/10/23,"2,688,266"
7/11/23,"2,382,030"
7/12/23,"2,458,378"
7/13/23,"2,726,021"
7/14/23,"2,738,461"
7/15/23,"2,486,503"
7/16/23,"2,741,762"
7/17/23,"2,747,357"
7/18/23,"2,410,972"
7/19/23,"2,519,328"
7/20/23,"2,754,386"
7/21/23,"2,782,146"
7/22/23,"2,485,646"
7/23/23,"2,800,368"
7/24/23,"2,695,657"
7/25/23,"2,358,536"
7/26/23,"2,510,210"
7/27/23,"2,724,438"
7/28/23,"2,787,676"
7/29/23,"2,457,943"
7/30/23,"2,815,068"
7/31/23,"2,697,794"
8/1/23,"2,370,591"
8/2/23,"2,431,864"
8/3/23,"2,671,674"
8/4/23,"2,690,858"
8/5/23,"2,403,611"
8/6/23,"2,743,779"
8/7/23,"2,602,015"
8/8/23,"2,387,917"
8/9/23,"2,407,319"
8/10/23,"2,654,716"
8/11/23,"2,648,556"
8/12/23,"2,322,724"
8/13/23,"2,684,914"
8/14/23,"2,548,291"
8/15/23,"2,266,285"
8/16/23,"2,298,936"
8/17/23,"2,599,098"
8/18/23,"2,601,291"
8/19/23,"2,252,655"
8/20/23,"2,535,369"
8/21/23,"2,487,458"
8/22/23,"2,101,467"
8/23/23,"2,169,394"
8/24/23,"2,501,995"
8/25/23,"2,509,342"
8/26/23,"2,063,356"
8/27/23,"2,538,318"
8/28/23,"2,349,783"
8/29/23,"1,888,361"
8/30/23,"2,014,332"
8/31/23,"2,619,753"
9/1/23,"2,742,962"
9/2/23,"2,090,550"
9/3/23,"2,081,144"
9/4/23,"2,645,012"
9/5/23,"2,243,518"
9/6/23,"1,966,818"
9/7/23,"2,283,466"
9/8/23,"2,405,867"
9/9/23,"1,986,960"
9/10/23,"2,584,116"
9/11/23,"2,402,206"
9/12/23,"1,991,959"
9/13/23,"2,113,134"
9/14/23,"2,594,681"
9/15/23,"2,583,450"
9/16/23,"1,978,051"
9/17/23,"2,648,872"
9/18/23,"2,495,564"
9/19/23,"1,992,774"
9/20/23,"2,207,680"
9/21/23,"2,651,017"
9/22/23,"2,684,773"
9/23/23,"2,065,137"
9/24/23,"2,673,136"
9/25/23,"2,543,611"
9/26/23,"2,058,961"
9/27/23,"2,138,667"
9/28/23,"2,616,213"
9/29/23,"2,602,713"
9/30/23,"2,140,656"
10/1/23,"2,682,443"
10/2/23,"2,473,560"
10/3/23,"2,001,087"
10/4/23,"2,213,969"
10/5/23,"2,697,601"
10/6/23,"2,762,717"
10/7/23,"2,232,660"
10/8/23,"2,690,153"
10/9/23,"2,681,432"
10/10/23,"2,293,858"
10/11/23,"2,372,544"
10/12/23,"2,717,399"
10/13/23,"2,673,246"
10/14/23,"2,226,278"
10/15/23,"2,797,326"
10/16/23,"2,627,942"
10/17/23,"2,213,819"
10/18/23,"2,333,408"
10/19/23,"2,695,224"
10/20/23,"2,672,262"
10/21/23,"2,161,735"
10/22/23,"2,770,224"
10/23/23,"2,607,835"
10/24/23,"2,138,741"
10/25/23,"2,251,047"
10/26/23,"2,630,523"
10/27/23,"2,615,422"
10/28/23,"2,015,907"
10/29/23,"2,520,086"
10/30/23,"2,292,796"
10/31/23,"1,665,839"
11/1/23,"2,157,473"
11/2/23,"2,415,581"
11/3/23,"2,502,391"
11/4/23,"2,045,614"
11/5/23,"2,669,284"
11/6/23,"2,491,545"
11/7/23,"2,019,225"
11/8/23,"2,209,479"
11/9/23,"2,658,959"
11/10/23,"2,591,818"
11/11/23,"2,025,517"
11/12/23,"2,683,745"
11/13/23,"2,533,300"
11/14/23,"2,035,761"
11/15/23,"2,224,646"
11/16/23,"2,550,045"
11/17/23,"2,692,471"
11/18/23,"2,379,699"
11/19/23,"2,608,680"
11/20/23,"2,532,525"
11/21/23,"2,647,461"
11/22/23,"2,741,610"
11/23/23,"1,547,419"
11/24/23,"2,199,057"
11/25/23,"2,605,387"
11/26/23,"2,908,785"
11/27/23,"2,633,263"
11/28/23,"2,171,943"
11/29/23,"1,948,492"
11/30/23,"2,276,703"
12/1/23,"2,308,362"
12/2/23,"1,864,999"
12/3/23,"2,321,965"
12/4/23,"2,266,792"
12/5/23,"1,834,118"
12/6/23,"1,998,620"
12/7/23,"2,385,629"
12/8/23,"2,431,077"
12/9/23,"1,975,896"
12/10/23,"2,419,762"
12/11/23,"2,313,610"
12/12/23,"1,954,074"
12/13/23,"2,129,193"
12/14/23,"2,502,604"
12/15/23,"2,622,770"
12/16/23,"2,252,933"
12/17/23,"2,495,579"
12/18/23,"2,366,275"
12/19/23,"2,291,458"
12/20/23,"2,514,171"
12/21/23,"2,650,811"
12/22/23,"2,775,193"
12/23/23,"2,606,577"
12/24/23,"1,972,309"
12/25/23,"2,028,266"
12/26/23,"2,665,034"
12/27/23,"2,663,517"
12/28/23,"2,633,264"
12/29/23,"2,636,605"
12/30/23,"2,563,962"
12/31/23,"2,116,715"
1/1/24,"2,303,507"
1/2/24,"2,555,447"
1/3/24,"2,418,600"
1/4/24,"2,281,402"
1/5/24,"2,279,609"
1/6/24,"2,198,958"
1/7/24,"2,380,127"
1/8/24,"2,193,524"
1/9/24,"1,774,066"
1/10/24,"1,934,765"
1/11/24,"2,300,884"
1/12/24,"2,326,842"
1/13/24,"1,914,063"
1/14/24,"2,116,540"
1/15/24,"2,214,409"
1/16/24,"1,864,219"
1/17/24,"1,857,915"
1/18/24,"2,104,712"
1/19/24,"2,094,212"
1/20/24,"1,753,693"
1/21/24,"2,243,155"
1/22/24,"2,053,656"
1/23/24,"1,610,765"
1/24/24,"1,815,119"
1/25/24,"2,232,670"
1/26/24,"2,278,406"
1/27/24,"1,772,563"
1/28/24,"2,261,245"
1/29/24,"2,077,644"
1/30/24,"1,617,523"
1/31/24,"1,817,011"
2/1/24,"2,203,945"
2/2/24,"2,208,138"
2/3/24,"1,752,024"
2/4/24,"2,281,882"
2/5/24,"2,160,140"
2/6/24,"1,695,022"
2/7/24,"1,880,126"
2/8/24,"2,305,984"
2/9/24,"2,369,929"
2/10/24,"1,883,035"
2/11/24,"2,196,980"
2/12/24,"2,283,725"
2/13/24,"1,754,659"
2/14/24,"2,021,114"
2/15/24,"2,515,629"
2/16/24,"2,615,463"
2/17/24,"2,159,328"
2/18/24,"2,474,646"
2/19/24,"2,606,125"
2/20/24,"2,206,877"
2/21/24,"2,162,956"
2/22/24,"2,513,429"
2/23/24,"2,555,082"
2/24/24,"2,106,561"
2/25/24,"2,561,682"
2/26/24,"2,405,209"
2/27/24,"1,935,225"
2/28/24,"2,140,789"
2/29/24,"2,551,534"
3/1/24,"2,602,686"
3/2/24,"2,132,092"
3/3/24,"2,566,870"
3/4/24,"2,405,790"
3/5/24,"1,983,750"
3/6/24,"2,211,599"
3/7/24,"2,578,074"
3/8/24,"2,720,377"
3/9/24,"2,342,497"
3/10/24,"2,719,857"
3/11/24,"2,563,158"
3/12/24,"2,199,126"
3/13/24,"2,388,007"
3/14/24,"2,568,962"
3/15/24,"2,722,855"
3/16/24,"2,410,078"
3/17/24,"2,734,318"
3/18/24,"2,582,796"
3/19/24,"2,205,546"
3/20/24,"2,413,710"
3/21/24,"2,690,138"
3/22/24,"2,732,493"
3/23/24,"2,422,106"
3/24/24,"2,755,433"
3/25/24,"2,607,498"
3/26/24,"2,243,576"
3/27/24,"2,462,360"
3/28/24,"2,786,223"
3/29/24,"2,693,787"
3/30/24,"2,320,632"
3/31/24,"2,595,625"
4/1/24,"2,658,016"
4/2/24,"2,261,390"
4/3/24,"2,266,046"
4/4/24,"2,640,572"
4/5/24,"2,703,180"
4/6/24,"2,324,739"
4/7/24,"2,675,829"
4/8/24,"2,487,391"
4/9/24,"2,212,961"
4/10/24,"2,316,545"
4/11/24,"2,641,708"
4/12/24,"2,714,741"
4/13/24,"2,180,816"
4/14/24,"2,689,549"
4/15/24,"2,532,672"
4/16/24,"2,148,436"
4/17/24,"2,351,694"
4/18/24,"2,695,566"
4/19/24,"2,722,053"
4/20/24,"2,221,738"
4/21/24,"2,756,922"
4/22/24,"2,579,973"
4/23/24,"2,144,330"
4/24/24,"2,308,366"
4/25/24,"2,686,172"
4/26/24,"2,675,321"
4/27/24,"2,138,255"
4/28/24,"2,646,469"
4/29/24,"2,506,141"
4/30/24,"2,151,933"
5/1/24,"2,358,798"
5/2/24,"2,648,857"
5/3/24,"2,675,921"
5/4/24,"2,175,786"
5/5/24,"2,717,249"
5/6/24,"2,647,929"
5/7/24,"2,244,683"
5/8/24,"2,452,419"
5/9/24,"2,797,162"
5/10/24,"2,789,715"
5/11/24,"2,295,451"
5/12/24,"2,677,001"
5/13/24,"2,717,876"
5/14/24,"2,343,094"
5/15/24,"2,463,627"
5/16/24,"2,807,609"
5/17/24,"2,855,596"
5/18/24,"2,365,492"
5/19/24,"2,843,144"
5/20/24,"2,751,841"
5/21/24,"2,442,301"
5/22/24,"2,591,593"
5/23/24,"2,897,421"
5/24/24,"2,951,859"
5/25/24,"2,429,201"
5/26/24,"2,413,165"
5/27/24,"2,771,700"
5/28/24,"2,555,425"
5/29/24,"2,446,571"
5/30/24,"2,653,600"
5/31/24,"2,775,176"
6/1/24,"2,415,153"
6/2/24,"2,822,822"
6/3/24,"2,719,030"
6/4/24,"2,397,066"
6/5/24,"2,551,287"
6/6/24,"2,829,183"
6/7/24,"2,842,268"
6/8/24,"2,499,204"
6/9/24,"2,915,830"
6/10/24,"2,815,125"
6/11/24,"2,487,316"
6/12/24,"2,599,257"
6/13/24,"2,859,994"
6/14/24,"2,929,467"
6/15/24,"2,617,341"
6/16/24,"2,858,844"
6/17/24,"2,790,851"
6/18/24,"2,537,934"
6/19/24,"2,686,866"
6/20/24,"2,833,516"
6/21/24,"2,873,390"
6/22/24,"2,624,783"
6/23/24,"2,996,495"
6/24/24,"2,944,001"
6/25/24,"2,612,478"
6/26/24,"2,722,125"
6/27/24,"2,921,687"
6/28/24,"2,938,292"
6/29/24,"2,648,476"
6/30/24,"2,835,019"
7/1/24,"2,754,690"
7/2/24,"2,537,986"
7/3/24,"2,786,534"
7/4/24,"2,222,431"
7/5/24,"2,431,240"
7/6/24,"2,617,154"
7/7/24,"3,013,622"
7/8/24,"2,785,721"
7/9/24,"2,580,105"
7/10/24,"2,627,735"
7/11/24,"2,839,251"
7/12/24,"2,829,067"
7/13/24,"2,583,704"
7/14/24,"2,937,845"
7/15/24,"2,860,799"
7/16/24,"2,536,991"
7/17/24,"2,641,325"
7/18/24,"2,957,170"
7/19/24,"2,716,304"
7/20/24,"2,606,097"
7/21/24,"2,909,267"
7/22/24,"2,864,584"
7/23/24,"2,603,647"
7/24/24,"2,718,954"
7/25/24,"2,924,478"
7/26/24,"2,877,017"
7/27/24,"2,582,953"
7/28/24,"2,922,306"
7/29/24,"2,795,317"
7/30/24,"2,437,121"
7/31/24,"2,618,705"
8/1/24,"2,871,907"
8/2/24,"2,803,445"
8/3/24,"2,555,713"
8/4/24,"2,800,099"
8/5/24,"2,701,321"
8/6/24,"2,413,736"
8/7/24,"2,555,693"
8/8/24,"2,808,911"
8/9/24,"2,756,793"
8/10/24,"2,475,459"
8/11/24,"2,850,074"
8/12/24,"2,705,415"
8/13/24,"2,266,346"
8/14/24,"2,380,580"
8/15/24,"2,732,713"
8/16/24,"2,748,819"
8/17/24,"2,344,279"
8/18/24,"2,796,821"
8/19/24,"2,686,909"
8/20/24,"2,252,171"
8/21/24,"2,310,258"
8/22/24,"2,654,402"
8/23/24,"2,660,166"
8/24/24,"2,185,822"
8/25/24,"2,702,492"
8/26/24,"2,463,227"
8/27/24,"1,980,342"
8/28/24,"2,221,120"
8/29/24,"2,746,266"
8/30/24,"2,913,547"
8/31/24,"2,163,592"
9/1/24,"2,219,496"
9/2/24,"2,748,226"
9/3/24,"2,272,637"
9/4/24,"1,965,339"
9/5/24,"2,277,401"
9/6/24,"2,404,754"
9/7/24,"1,944,006"
9/8/24,"2,635,080"
9/9/24,"2,447,809"
9/10/24,"1,947,530"
9/11/24,"1,999,757"
9/12/24,"2,630,964"
9/13/24,"2,629,323"
9/14/24,"2,039,797"
9/15/24,"2,751,418"
9/16/24,"2,568,141"
9/17/24,"2,047,363"
9/18/24,"2,204,592"
9/19/24,"2,720,369"
9/20/24,"2,746,884"
9/21/24,"2,113,564"
9/22/24,"2,834,755"
9/23/24,"2,624,958"
9/24/24,"2,063,662"
9/25/24,"2,245,707"
9/26/24,"2,550,227"
9/27/24,"2,584,954"
9/28/24,"2,090,971"
9/29/24,"2,744,939"
9/30/24,"2,544,480"
10/1/24,"1,999,352"
10/2/24,"2,151,683"
10/3/24,"2,640,399"
10/4/24,"2,668,729"
10/5/24,"2,107,910"
10/6/24,"2,830,443"
10/7/24,"2,650,717"
10/8/24,"2,092,902"
10/9/24,"2,104,384"
10/10/24,"2,515,514"
10/11/24,"2,840,414"
10/12/24,"2,245,955"
10/13/24,"2,759,322"
10/14/24,"2,753,893"
10/15/24,"2,331,229"
10/16/24,"2,380,635"
10/17/24,"2,790,733"
10/18/24,"2,810,221"
10/19/24,"2,244,829"
10/20/24,"2,934,025"
10/21/24,"2,756,016"
10/22/24,"2,162,389"
10/23/24,"2,283,293"
10/24/24,"2,734,510"
10/25/24,"2,757,296"
10/26/24,"2,138,621"
10/27/24,"2,797,199"
10/28/24,"2,571,459"
10/29/24,"1,956,344"
10/30/24,"2,160,195"
10/31/24,"2,161,429"
11/1/24,"2,565,724"
11/2/24,"1,997,801"
11/3/24,"2,646,807"
11/4/24,"2,403,233"
11/5/24,"1,910,059"
11/6/24,"2,106,444"
11/7/24,"2,597,660"
11/8/24,"2,662,635"
11/9/24,"2,112,678"
11/10/24,"2,660,472"
11/11/24,"2,697,567"
11/12/24,"2,085,620"
11/13/24,"2,088,739"
11/14/24,"2,561,968"
11/15/24,"2,636,505"
11/16/24,"1,949,769"
11/17/24,"2,663,030"
11/18/24,"2,455,375"
11/19/24,"1,885,832"
11/20/24,"2,070,826"
11/21/24,"2,550,762"
11/22/24,"2,754,798"
11/23/24,"2,493,313"
11/24/24,"2,659,301"
11/25/24,"2,506,373"
11/26/24,"2,694,504"
11/27/24,"2,726,845"
11/28/24,"1,551,896"
11/29/24,"2,377,911"
11/30/24,"2,811,101"
12/1/24,"3,088,836"
12/2/24,"2,829,000"
12/3/24,"2,283,750"
12/4/24,"2,120,703"
12/5/24,"2,443,620"
12/6/24,"2,522,641"
12/7/24,"2,012,382"
12/8/24,"2,603,322"
12/9/24,"2,438,070"
12/10/24,"2,013,749"
12/11/24,"2,148,651"
12/12/24,"2,588,225"
12/13/24,"2,655,019"
12/14/24,"2,146,894"
12/15/24,"2,599,354"
12/16/24,"2,401,238"
12/17/24,"2,122,028"
12/18/24,"2,351,328"
12/19/24,"2,651,437"
12/20/24,"2,845,856"
12/21/24,"2,773,545"
12/22/24,"2,800,962"
12/23/24,"2,758,299"
12/24/24,"2,068,817"
12/25/24,"2,039,342"
12/26/24,"2,743,795"
12/27/24,"2,848,156"
12/28/24,"2,741,872"
12/29/24,"2,805,401"
12/30/24,"2,765,740"
12/31/24,"2,172,902"
1/1/25,"2,317,817"
1/2/25,"2,612,162"
1/3/25,"2,563,751"
1/4/25,"2,543,303"
1/5/25,"2,579,257"
1/6/25,"2,222,167"
1/7/25,"1,915,448"
1/8/25,"1,885,768"
1/9/25,"2,033,464"
1/10/25,"2,000,526"
1/11/25,"1,858,186"
1/12/25,"2,322,779"
1/13/25,"2,063,978"
1/14/25,"1,651,244"
1/15/25,"1,844,782"
1/16/25,"2,369,562"
1/17/25,"2,526,699"
1/18/25,"1,939,355"
1/19/25,"2,113,340"
1/20/25,"2,467,069"
1/21/25,"1,758,401"
1/22/25,"1,710,944"
1/23/25,"2,158,274"
1/24/25,"2,257,772"
1/25/25,"1,785,853"
1/26/25,"2,302,281"
1/27/25,"2,088,851"
1/28/25,"1,599,434"
1/29/25,"1,792,651"
1/30/25,"2,219,044"
1/31/25,"2,273,071"
2/1/25,"1,791,123"
2/2/25,"2,331,440"
2/3/25,"2,102,830"
2/4/25,"1,649,904"
2/5/25,"1,821,551"
2/6/25,"2,211,186"
2/7/25,"2,338,385"
2/8/25,"1,828,477"
2/9/25,"2,186,024"
2/10/25,"2,323,951"
2/11/25,"1,753,906"
2/12/25,"1,990,225"
2/13/25,"2,563,360"
2/14/25,"2,626,024"
2/15/25,"2,160,974"
2/16/25,"2,394,991"
2/17/25,"2,721,332"
2/18/25,"2,243,788"
2/19/25,"2,122,519"
2/20/25,"2,466,484"
2/21/25,"2,553,110"
2/22/25,"2,162,478"
2/23/25,"2,594,617"
2/24/25,"2,399,600"
2/25/25,"1,917,007"
2/26/25,"2,124,463"
2/27/25,"2,579,759"
2/28/25,"2,630,825"
3/1/25,"2,158,850"
3/2/25,"2,599,903"
3/3/25,"2,366,161"
3/4/25,"1,875,355"
3/5/25,"2,136,554"
3/6/25,"2,576,928"
3/7/25,"2,643,053"
3/8/25,"2,281,542"
3/9/25,"2,663,677"
3/10/25,"2,463,857"
3/11/25,"2,027,490"
3/12/25,"2,297,329"
3/13/25,"2,708,449"
3/14/25,"2,767,748"
3/15/25,"2,487,259"
3/16/25,"2,789,837"
3/17/25,"2,699,013"
3/18/25,"2,270,253"
3/19/25,"2,408,377"
3/20/25,"2,768,538"
3/21/25,"2,771,173"
3/22/25,"2,501,942"
3/23/25,"2,832,539"
3/24/25,"2,617,185"
3/25/25,"2,153,871"
3/26/25,"2,339,528"
3/27/25,"2,703,280"
3/28/25,"2,715,766"
3/29/25,"2,348,454"
3/30/25,"2,700,604"
3/31/25,"2,555,126"
4/1/25,"2,181,917"
4/2/25,"2,179,265"
4/3/25,"2,619,950"
4/4/25,"2,657,802"
4/5/25,"2,240,401"
4/6/25,"2,735,362"
4/7/25,"2,532,641"
4/8/25,"2,087,676"
4/9/25,"2,302,933"
4/10/25,"2,720,572"
4/11/25,"2,743,057"
4/12/25,"2,271,278"
4/13/25,"2,747,565"
4/14/25,"2,565,091"
4/15/25,"2,114,573"
4/16/25,"2,359,864"
4/17/25,"2,821,542"
4/18/25,"2,658,132"
4/19/25,"2,156,119"
4/20/25,"2,591,393"
4/21/25,"2,783,476"
4/22/25,"2,266,040"
4/23/25,"2,343,680"
4/24/25,"2,757,877"
4/25/25,"2,766,258"
4/26/25,"2,203,462"
4/27/25,"2,829,787"
4/28/25,"2,601,001"
4/29/25,"2,067,463"
4/30/25,"2,300,084"
5/1/25,"2,744,098"
5/2/25,"2,659,193"
5/3/25,"2,102,342"
5/4/25,"2,762,463"
5/5/25,"2,588,956"
5/6/25,"2,106,907"
5/7/25,"2,288,927"
5/8/25,"2,730,456"
5/9/25,"2,711,847"
5/10/25,"2,125,020"
5/11/25,"2,646,042"
5/12/25,"2,657,759"
5/13/25,"2,131,356"
5/14/25,"2,366,860"
5/15/25,"2,847,916"
5/16/25,"2,834,508"
5/17/25,"2,311,326"
5/18/25,"2,929,839"
5/19/25,"2,793,452"
5/20/25,"2,321,388"
5/21/25,"2,510,246"
5/22/25,"2,960,413"
5/23/25,"3,010,183"
5/24/25,"2,389,262"
5/25/25,"2,456,295"
5/26/25,"2,863,596"
5/27/25,"2,509,320"
5/28/25,"2,325,817"
5/29/25,"2,626,367"
5/30/25,"2,698,137"
5/31/25,"2,352,801"
6/1/25,"2,825,055"
6/2/25,"2,642,700"
6/3/25,"2,213,336"
6/4/25,"2,364,375"
6/5/25,"2,798,927"
6/6/25,"2,766,521"
6/7/25,"2,395,746"
6/8/25,"2,927,145"
6/9/25,"2,833,198"
6/10/25,"2,363,770"
6/11/25,"2,504,337"
6/12/25,"2,887,798"
6/13/25,"2,871,959"
6/14/25,"2,517,202"
6/15/25,"2,888,821"
6/16/25,"2,844,254"
6/17/25,"2,455,696"
6/18/25,"2,705,355"
6/19/25,"2,980,935"
6/20/25,"2,891,240"
6/21/25,"2,614,464"
6/22/25,"3,096,797"
6/23/25,"2,953,905"
6/24/25,"2,508,733"
6/25/25,"2,620,696"
6/26/25,"2,931,282"
6/27/25,"2,988,614"
6/28/25,"2,624,407"
6/29/25,"2,959,224"
6/30/25,"2,780,012"
7/1/25,"2,402,675"
7/2/25,"2,718,537"
7/3/25,"2,923,234"
7/4/25,"2,162,755"
7/5/25,"2,457,591"
7/6/25,"3,041,954"
7/7/25,"2,917,942"
7/8/25,"2,488,332"
7/9/25,"2,554,687"
7/10/25,"2,873,682"
7/11/25,"2,885,953"
7/12/25,"2,589,889"
7/13/25,"3,007,773"
7/14/25,"2,865,292"
7/15/25,"2,557,900"
7/16/25,"2,614,183"
7/17/25,"2,998,225"
7/18/25,"2,962,082"
7/19/25,"2,603,307"
7/20/25,"3,043,973"
7/21/25,"2,886,647"
7/22/25,"2,452,271"
7/23/25,"2,630,151"
7/24/25,"2,968,866"
7/25/25,"2,970,569"
7/26/25,"2,670,276"
7/27/25,"3,017,861"
7/28/25,"2,929,749"
7/29/25,"2,438,933"
7/30/25,"2,574,917"
7/31/25,"2,882,829"
8/1/25,"2,999,166"
8/2/25,"2,640,741"
8/3/25,"2,983,755"
8/4/25,"2,855,684"
8/5/25,"2,364,019"
8/6/25,"2,447,464"
8/7/25,"2,893,814"
8/8/25,"2,854,458"
8/9/25,"2,462,226"
8/10/25,"2,960,755"
8/11/25,"2,763,999"
8/12/25,"2,256,579"
8/13/25,"2,331,562"
8/14/25,"2,835,968"
8/15/25,"2,796,277"
8/16/25,"2,360,294"
8/17/25,"2,907,660"
8/18/25,"2,705,168"
8/19/25,"2,187,411"
8/20/25,"2,294,086"
8/21/25,"2,731,931"
8/22/25,"2,667,258"
8/23/25,"2,185,460"
8/24/25,"2,786,648"
8/25/25,"2,506,611"
8/26/25,"1,950,994"
8/27/25,"2,229,905"
8/28/25,"2,833,316"
8/29/25,"2,971,455"
8/30/25,"2,223,191"
8/31/25,"2,343,216"
9/1/25,"2,836,013"
9/2/25,"2,276,201"
9/3/25,"1,965,954"
9/4/25,"2,305,882"
9/5/25,"2,427,350"
9/6/25,"1,923,040"
9/7/25,"2,673,762"
9/8/25,"2,456,693"
9/9/25,"1,896,803"
9/10/25,"2,107,833"
9/11/25,"2,610,925"
9/12/25,"2,669,713"
9/13/25,"2,020,113"
9/14/25,"2,810,804"
9/15/25,"2,590,221"
9/16/25,"2,004,769"
9/17/25,"2,219,220"
9/18/25,"2,788,191"
9/19/25,"2,788,902"
9/20/25,"2,140,805"
9/21/25,"2,848,945"
9/22/25,"2,598,440"
9/23/25,"1,975,026"
9/24/25,"2,165,846"
9/25/25,"2,739,357"
9/26/25,"2,741,844"
9/27/25,"2,083,134"
9/28/25,"2,843,311"
9/29/25,"2,577,248"
9/30/25,"2,005,123"
10/1/25,"2,199,312"
10/2/25,"2,673,111"
10/3/25,"2,697,756"
10/4/25,"2,091,602"
10/5/25,"2,901,606"
10/6/25,"2,686,873"
10/7/25,"2,104,449"
10/8/25,"2,417,075"
10/9/25,"2,975,982"
10/10/25,"3,017,612"
10/11/25,"2,381,106"
10/12/25,"2,951,273"
10/13/25,"2,874,884"
10/14/25,"2,413,133"
10/15/25,"2,438,918"
10/16/25,"2,901,650"
10/17/25,"2,878,950"
10/18/25,"2,268,485"
10/19/25,"2,988,255"
10/20/25,"2,794,820"
10/21/25,"2,141,971"
10/22/25,"2,278,249"
10/23/25,"2,780,271"
10/24/25,"2,773,635"
10/25/25,"2,126,979"
10/26/25,"2,859,222"
10/27/25,"2,636,402"
10/28/25,"1,945,466"
10/29/25,"2,087,383"
10/30/25,"2,532,054"
10/31/25,"2,280,607"
11/1/25,"2,029,708"
11/2/25,"2,678,442"
11/3/25,"2,492,532"
11/4/25,"2,015,706"
11/5/25,"2,162,311"
11/6/25,"2,704,209"
11/7/25,"2,645,578"
11/8/25,"2,080,116"
11/9/25,"2,631,788"
11/10/25,"2,488,335"
11/11/25,"2,054,768"
11/12/25,"1,996,069"
11/13/25,"2,434,496"
11/14/25,"2,456,308"
11/15/25,"1,902,157"
11/16/25,"2,604,321"
11/17/25,"2,349,327"
11/18/25,"1,816,617"
11/19/25,"2,073,637"
11/20/25,"2,493,511"
11/21/25,"2,792,495"
11/22/25,"2,482,593"
11/23/25,"2,617,142"
11/24/25,"2,563,877"
11/25/25,"2,675,261"
11/26/25,"2,753,036"
11/27/25,"1,559,165"
11/28/25,"2,392,036"
11/29/25,"2,696,816"
11/30/25,"3,134,613"
12/1/25,"2,893,451"
12/2/25,"2,233,828"
12/3/25,"2,125,688"
12/4/25,"2,437,542"
12/5/25,"2,456,311"
12/6/25,"1,987,785"
12/7/25,"2,597,892"
12/8/25,"2,470,751"
12/9/25,"1,977,202"
12/10/25,"2,160,994"
12/11/25,"2,584,914"
12/12/25,"2,651,654"
12/13/25,"2,157,148"
12/14/25,"2,586,427"
12/15/25,"2,503,757"
12/16/25,"2,047,653"
12/17/25,"2,271,960"
12/18/25,"2,637,016"
12/19/25,"2,824,905"
12/20/25,"2,748,731"
12/21/25,"2,769,228"
12/22/25,"2,795,090"
12/23/25,"2,822,653"
12/24/25,"2,236,205"
12/25/25,"2,066,118"
12/26/25,"2,716,278"
12/27/25,"2,804,814"
12/28/25,"2,924,593"
12/29/25,"2,811,757"
12/30/25,"2,827,572"
12/31/25,"2,291,360"
1/1/26,2334465
1/2/26,2578209
1/3/26,2604749
1/4/26,2817509
1/5/26,2508517
1/6/26,1941589
1/7/26,1900237
1/8/26,2151117
1/9/26,2206079
1/10/26,1971751
1/11/26,2411470
1/12/26,2140851
1/13/26,1688866
1/14/26,1903860
1/15/26,2460511
1/16/26,2608430
1/17/26,2002239
1/18/26,2231469
1/19/26,2556438
1/20/26,1952569
1/21/26,1802833
1/22/26,2235021
1/23/26,2243481
1/24/26,1616945
1/25/26,1313323
1/26/26,1830079
1/27/26,1765468
1/28/26,1879610
1/29/26,2235355
1/30/26,2238006
1/31/26,1729865
2/1/26,2303445
2/2/26,2150084
2/3/26,1666150
2/4/26,1839311
2/5/26,2324236
2/6/26,2351379
2/7/26,1873708
2/8/26,2274639
2/9/26,2386224
2/10/26,1852752
2/11/26,2074130
2/12/26,2701700
2/13/26,2759407
2/14/26,2186932
2/15/26,2536292
2/16/26,2766705
2/17/26,2247910
2/18/26,2229730
2/19/26,2644354
2/20/26,2650675
2/21/26,2284819
2/22/26,2475455
2/23/26,1996320
2/24/26,1958051
2/25/26,2258729
2/26/26,2647330
2/27/26,2625251
2/28/26,2190541
3/1/26,2687408
3/2/26,2432452
3/3/26,1910452
3/4/26,2133462
3/5/26,2615896
3/6/26,2696932
3/7/26,2338542
3/8/26,2781523
3/9/26,2563627
3/10/26,2056174
3/11/26,2372082